<?xml version="1.0" encoding="UTF-8"?>
<project-private xmlns="http://www.netbeans.org/ns/project-private/1">
    <editor-bookmarks xmlns="http://www.netbeans.org/ns/editor-bookmarks/2" lastBookmarkId="0"/>
    <open-files xmlns="http://www.netbeans.org/ns/projectui-open-files/2">
        <group>
            <file>file:/C:/Users/Manasseh/Documents/NetBeansProjects/StockManagement/src/controller/PurchaseController.java</file>
            <file>file:/C:/Users/Manasseh/Documents/NetBeansProjects/StockManagement/src/controller/CustomerController.java</file>
            <file>file:/C:/Users/Manasseh/Documents/NetBeansProjects/StockManagement/src/controller/StockController.java</file>
            <file>file:/C:/Users/Manasseh/Documents/NetBeansProjects/StockManagement/src/stockbase/Database.java</file>
            <file>file:/C:/Users/Manasseh/Documents/NetBeansProjects/StockManagement/src/controller/SupplierController.java</file>
            <file>file:/C:/Users/Manasseh/Documents/NetBeansProjects/StockManagement/src/tools/custom.css</file>
            <file>file:/C:/Users/Manasseh/Documents/NetBeansProjects/StockManagement/src/stockmodel/salesmodel.java</file>
            <file>file:/C:/Users/Manasseh/Documents/NetBeansProjects/StockManagement/src/controller/MenuController.java</file>
            <file>file:/C:/Users/Manasseh/Documents/NetBeansProjects/StockManagement/src/controller/ProductController.java</file>
            <file>file:/C:/Users/Manasseh/Documents/NetBeansProjects/StockManagement/src/controller/SalesController.java</file>
        </group>
    </open-files>
</project-private>
